SUBURB_NAME,SUBURB_NAME_ADJOINING
ACACIA RIDGE,ALGESTER
ACACIA RIDGE,COOPERS PLAINS
ACACIA RIDGE,SUNNYBANK HILLS
ACACIA RIDGE,ARCHERFIELD
ACACIA RIDGE,SUNNYBANK
ACACIA RIDGE,WILLAWONG
ALBION,ASCOT
ALBION,BOWEN HILLS
ALBION,NEWSTEAD
ALBION,CLAYFIELD
ALBION,LUTWYCHE
ALBION,WINDSOR
ALBION,WOOLOOWIN
ALBION,HAMILTON
ALDERLEY,ASHGROVE
ALDERLEY,ENOGGERA
ALDERLEY,GRANGE
ALDERLEY,NEWMARKET
ALDERLEY,STAFFORD
ALGESTER,LARAPINTA
ALGESTER,PALLARA
ALGESTER,PARKINSON
ALGESTER,SUNNYBANK HILLS
ALGESTER,ACACIA RIDGE
ALGESTER,CALAMVALE
ALGESTER,WILLAWONG
ANNERLEY,FAIRFIELD
ANNERLEY,MOOROOKA
ANNERLEY,WOOLLOONGABBA
ANNERLEY,TARRAGINDI
ANNERLEY,YEERONGPILLY
ANNERLEY,GREENSLOPES
ANNERLEY,YERONGA
ANSTEAD,BELLBOWRIE
ANSTEAD,PINJARRA HILLS
ANSTEAD,KHOLO
ANSTEAD,MOGGILL
ANSTEAD,MOUNT CROSBY
ANSTEAD,PULLENVALE
ARCHERFIELD,ROCKLEA
ARCHERFIELD,ACACIA RIDGE
ARCHERFIELD,WILLAWONG
ARCHERFIELD,COOPERS PLAINS
ASCOT,CLAYFIELD
ASCOT,HENDRA
ASCOT,HAMILTON
ASCOT,ALBION
ASCOT,EAGLE FARM
ASHGROVE,ENOGGERA
ASHGROVE,NEWMARKET
ASHGROVE,ALDERLEY
ASHGROVE,THE GAP
ASHGROVE,BARDON
ASHGROVE,RED HILL
ASPLEY,BRIDGEMAN DOWNS
ASPLEY,GEEBUNG
ASPLEY,ZILLMERE
ASPLEY,CARSELDINE
ASPLEY,CHERMSIDE
ASPLEY,CHERMSIDE WEST
ASPLEY,MCDOWALL
AUCHENFLOWER,BARDON
AUCHENFLOWER,PADDINGTON
AUCHENFLOWER,WEST END
AUCHENFLOWER,TOOWONG
AUCHENFLOWER,MILTON
BALD HILLS,BRIGHTON
BALD HILLS,BRACKEN RIDGE
BALD HILLS,BRIDGEMAN DOWNS
BALD HILLS,CARSELDINE
BALD HILLS,FITZGIBBON
BALMORAL,BULIMBA
BALMORAL,HAWTHORNE
BALMORAL,MORNINGSIDE
BANKS CREEK,LAKE MANCHESTER
BANKS CREEK,ENGLAND CREEK
BANYO,NORTHGATE
BANYO,BOONDALL
BANYO,NUDGEE
BANYO,BRISBANE AIRPORT
BANYO,VIRGINIA
BARDON,MOUNT COOT-THA
BARDON,RED HILL
BARDON,THE GAP
BARDON,ASHGROVE
BARDON,TOOWONG
BARDON,AUCHENFLOWER
BARDON,PADDINGTON
BELLBOWRIE,PINJARRA HILLS
BELLBOWRIE,RIVERHILLS
BELLBOWRIE,WESTLAKE
BELLBOWRIE,ANSTEAD
BELLBOWRIE,MOGGILL
BELMONT,CARINDALE
BELMONT,GUMDALE
BELMONT,CHANDLER
BELMONT,BURBANK
BELMONT,MACKENZIE
BELMONT,TINGALPA
BOONDALL,SANDGATE
BOONDALL,DEAGON
BOONDALL,VIRGINIA
BOONDALL,BANYO
BOONDALL,GEEBUNG
BOONDALL,NUDGEE
BOONDALL,NUDGEE BEACH
BOONDALL,SHORNCLIFFE
BOONDALL,TAIGUM
BOONDALL,ZILLMERE
BOWEN HILLS,ALBION
BOWEN HILLS,NEWSTEAD
BOWEN HILLS,SPRING HILL
BOWEN HILLS,FORTITUDE VALLEY
BOWEN HILLS,WINDSOR
BOWEN HILLS,HERSTON
BRACKEN RIDGE,FITZGIBBON
BRACKEN RIDGE,BALD HILLS
BRACKEN RIDGE,BRIGHTON
BRACKEN RIDGE,DEAGON
BRACKEN RIDGE,SANDGATE
BRIDGEMAN DOWNS,ASPLEY
BRIDGEMAN DOWNS,CARSELDINE
BRIDGEMAN DOWNS,MCDOWALL
BRIDGEMAN DOWNS,BALD HILLS
BRIGHTON,BRACKEN RIDGE
BRIGHTON,SANDGATE
BRIGHTON,BALD HILLS
BRISBANE AIRPORT,EAGLE FARM
BRISBANE AIRPORT,NORTHGATE
BRISBANE AIRPORT,NUDGEE BEACH
BRISBANE AIRPORT,BANYO
BRISBANE AIRPORT,HENDRA
BRISBANE AIRPORT,NUDGEE
BRISBANE AIRPORT,NUNDAH
BRISBANE AIRPORT,PINKENBA
BRISBANE CITY,MILTON
BRISBANE CITY,SPRING HILL
BRISBANE CITY,KANGAROO POINT
BRISBANE CITY,KELVIN GROVE
BRISBANE CITY,PETRIE TERRACE
BRISBANE CITY,SOUTH BRISBANE
BRISBANE CITY,FORTITUDE VALLEY
BROOKFIELD,ENOGGERA RESERVOIR
BROOKFIELD,MOUNT COOT-THA
BROOKFIELD,UPPER BROOKFIELD
BROOKFIELD,KENMORE
BROOKFIELD,KENMORE HILLS
BROOKFIELD,THE GAP
BROOKFIELD,PINJARRA HILLS
BROOKFIELD,PULLENVALE
BULIMBA,BALMORAL
BULIMBA,HAMILTON
BULIMBA,MORNINGSIDE
BULIMBA,HAWTHORNE
BULIMBA,NEWSTEAD
BULIMBA,TENERIFFE
BULWER,MORETON ISLAND
BURBANK,BELMONT
BURBANK,CHANDLER
BURBANK,MACKENZIE
BURBANK,ROCHEDALE
CALAMVALE,STRETTON
CALAMVALE,SUNNYBANK HILLS
CALAMVALE,ALGESTER
CALAMVALE,DREWVALE
CALAMVALE,PARKINSON
CALAMVALE,RUNCORN
CAMP HILL,CARINA
CAMP HILL,HOLLAND PARK
CAMP HILL,CARINA HEIGHTS
CAMP HILL,NORMAN PARK
CAMP HILL,SEVEN HILLS
CAMP HILL,COORPAROO
CANNON HILL,SEVEN HILLS
CANNON HILL,MORNINGSIDE
CANNON HILL,TINGALPA
CANNON HILL,CARINA
CANNON HILL,MURARRIE
CARINA,CARINA HEIGHTS
CARINA,TINGALPA
CARINA,CAMP HILL
CARINA,CANNON HILL
CARINA,CARINDALE
CARINA,SEVEN HILLS
CARINA HEIGHTS,CAMP HILL
CARINA HEIGHTS,MANSFIELD
CARINA HEIGHTS,CARINDALE
CARINA HEIGHTS,HOLLAND PARK
CARINA HEIGHTS,MOUNT GRAVATT EAST
CARINA HEIGHTS,CARINA
CARINDALE,CARINA HEIGHTS
CARINDALE,TINGALPA
CARINDALE,BELMONT
CARINDALE,MANSFIELD
CARINDALE,MOUNT GRAVATT EAST
CARINDALE,CARINA
CARINDALE,MACKENZIE
CARSELDINE,BALD HILLS
CARSELDINE,BRIDGEMAN DOWNS
CARSELDINE,ASPLEY
CARSELDINE,ZILLMERE
CARSELDINE,FITZGIBBON
CHANDLER,BELMONT
CHANDLER,BURBANK
CHANDLER,GUMDALE
CHANDLER,RANSOME
CHAPEL HILL,INDOOROOPILLY
CHAPEL HILL,KENMORE HILLS
CHAPEL HILL,FIG TREE POCKET
CHAPEL HILL,KENMORE
CHAPEL HILL,MOUNT COOT-THA
CHELMER,FIG TREE POCKET
CHELMER,INDOOROOPILLY
CHELMER,GRACEVILLE
CHERMSIDE,ASPLEY
CHERMSIDE,GEEBUNG
CHERMSIDE,KEDRON
CHERMSIDE,WAVELL HEIGHTS
CHERMSIDE,CHERMSIDE WEST
CHERMSIDE WEST,ASPLEY
CHERMSIDE WEST,CHERMSIDE
CHERMSIDE WEST,STAFFORD HEIGHTS
CHERMSIDE WEST,KEDRON
CHERMSIDE WEST,MCDOWALL
CHUWAR,MOUNT CROSBY
CHUWAR,KHOLO
CLAYFIELD,KALINGA
CLAYFIELD,NUNDAH
CLAYFIELD,ALBION
CLAYFIELD,ASCOT
CLAYFIELD,HENDRA
CLAYFIELD,WOOLOOWIN
COOPERS PLAINS,ACACIA RIDGE
COOPERS PLAINS,NATHAN
COOPERS PLAINS,ROBERTSON
COOPERS PLAINS,ROCKLEA
COOPERS PLAINS,SUNNYBANK
COOPERS PLAINS,ARCHERFIELD
COOPERS PLAINS,SALISBURY
COORPAROO,CAMP HILL
COORPAROO,WOOLLOONGABBA
COORPAROO,HOLLAND PARK
COORPAROO,NORMAN PARK
COORPAROO,EAST BRISBANE
COORPAROO,GREENSLOPES
COORPAROO,STONES CORNER
CORINDA,FIG TREE POCKET
CORINDA,ROCKLEA
CORINDA,OXLEY
CORINDA,SHERWOOD
COWAN COWAN,MORETON ISLAND
DARRA,RICHLANDS
DARRA,SEVENTEEN MILE ROCKS
DARRA,SUMNER
DARRA,INALA
DARRA,OXLEY
DARRA,SINNAMON PARK
DARRA,JAMBOREE HEIGHTS
DARRA,WACOL
DEAGON,BOONDALL
DEAGON,BRACKEN RIDGE
DEAGON,SANDGATE
DEAGON,TAIGUM
DEAGON,FITZGIBBON
DOOLANDELLA,DURACK
DOOLANDELLA,FOREST LAKE
DOOLANDELLA,WILLAWONG
DOOLANDELLA,PALLARA
DOOLANDELLA,INALA
DREWVALE,KARAWATHA
DREWVALE,CALAMVALE
DREWVALE,PARKINSON
DREWVALE,STRETTON
DURACK,DOOLANDELLA
DURACK,INALA
DURACK,OXLEY
DURACK,WILLAWONG
DUTTON PARK,ST LUCIA
DUTTON PARK,HIGHGATE HILL
DUTTON PARK,WOOLLOONGABBA
DUTTON PARK,FAIRFIELD
DUTTON PARK,SOUTH BRISBANE
EAGLE FARM,BRISBANE AIRPORT
EAGLE FARM,HENDRA
EAGLE FARM,MURARRIE
EAGLE FARM,PINKENBA
EAGLE FARM,ASCOT
EAGLE FARM,HAMILTON
EAGLE FARM,MORNINGSIDE
EAST BRISBANE,COORPAROO
EAST BRISBANE,KANGAROO POINT
EAST BRISBANE,NEW FARM
EAST BRISBANE,NORMAN PARK
EAST BRISBANE,WOOLLOONGABBA
EIGHT MILE PLAINS,KURABY
EIGHT MILE PLAINS,ROCHEDALE
EIGHT MILE PLAINS,RUNCORN
EIGHT MILE PLAINS,WISHART
EIGHT MILE PLAINS,MACGREGOR
EIGHT MILE PLAINS,SUNNYBANK
EIGHT MILE PLAINS,UPPER MOUNT GRAVATT
ELLEN GROVE,FOREST LAKE
ELLEN GROVE,WACOL
ENGLAND CREEK,BANKS CREEK
ENOGGERA,ASHGROVE
ENOGGERA,EVERTON PARK
ENOGGERA,ALDERLEY
ENOGGERA,KEPERRA
ENOGGERA,MITCHELTON
ENOGGERA,THE GAP
ENOGGERA,GAYTHORNE
ENOGGERA,STAFFORD
ENOGGERA RESERVOIR,UPPER KEDRON
ENOGGERA RESERVOIR,BROOKFIELD
ENOGGERA RESERVOIR,UPPER BROOKFIELD
ENOGGERA RESERVOIR,LAKE MANCHESTER
ENOGGERA RESERVOIR,THE GAP
EVERTON PARK,MCDOWALL
EVERTON PARK,STAFFORD
EVERTON PARK,GAYTHORNE
EVERTON PARK,MITCHELTON
EVERTON PARK,STAFFORD HEIGHTS
EVERTON PARK,ENOGGERA
FAIRFIELD,ST LUCIA
FAIRFIELD,WOOLLOONGABBA
FAIRFIELD,YERONGA
FAIRFIELD,ANNERLEY
FAIRFIELD,DUTTON PARK
FERNY GROVE,KEPERRA
FERNY GROVE,UPPER KEDRON
FIG TREE POCKET,CHELMER
FIG TREE POCKET,CORINDA
FIG TREE POCKET,INDOOROOPILLY
FIG TREE POCKET,KENMORE
FIG TREE POCKET,SEVENTEEN MILE ROCKS
FIG TREE POCKET,SHERWOOD
FIG TREE POCKET,CHAPEL HILL
FIG TREE POCKET,OXLEY
FIG TREE POCKET,SINNAMON PARK
FIG TREE POCKET,GRACEVILLE
FIG TREE POCKET,JINDALEE
FITZGIBBON,CARSELDINE
FITZGIBBON,TAIGUM
FITZGIBBON,BALD HILLS
FITZGIBBON,DEAGON
FITZGIBBON,ZILLMERE
FITZGIBBON,BRACKEN RIDGE
FOREST LAKE,ELLEN GROVE
FOREST LAKE,PALLARA
FOREST LAKE,WACOL
FOREST LAKE,RICHLANDS
FOREST LAKE,DOOLANDELLA
FOREST LAKE,HEATHWOOD
FOREST LAKE,INALA
FORTITUDE VALLEY,BOWEN HILLS
FORTITUDE VALLEY,NEWSTEAD
FORTITUDE VALLEY,SPRING HILL
FORTITUDE VALLEY,TENERIFFE
FORTITUDE VALLEY,BRISBANE CITY
FORTITUDE VALLEY,NEW FARM
FORTITUDE VALLEY,KANGAROO POINT
GAYTHORNE,ENOGGERA
GAYTHORNE,EVERTON PARK
GAYTHORNE,MITCHELTON
GEEBUNG,ASPLEY
GEEBUNG,WAVELL HEIGHTS
GEEBUNG,BOONDALL
GEEBUNG,ZILLMERE
GEEBUNG,CHERMSIDE
GEEBUNG,VIRGINIA
GORDON PARK,GRANGE
GORDON PARK,KEDRON
GORDON PARK,LUTWYCHE
GORDON PARK,STAFFORD
GRACEVILLE,INDOOROOPILLY
GRACEVILLE,SHERWOOD
GRACEVILLE,TENNYSON
GRACEVILLE,CHELMER
GRACEVILLE,FIG TREE POCKET
GRANGE,ALDERLEY
GRANGE,LUTWYCHE
GRANGE,WILSTON
GRANGE,WINDSOR
GRANGE,GORDON PARK
GRANGE,NEWMARKET
GRANGE,STAFFORD
GREENSLOPES,TARRAGINDI
GREENSLOPES,ANNERLEY
GREENSLOPES,COORPAROO
GREENSLOPES,HOLLAND PARK WEST
GREENSLOPES,WOOLLOONGABBA
GREENSLOPES,HOLLAND PARK
GREENSLOPES,STONES CORNER
GUMDALE,BELMONT
GUMDALE,RANSOME
GUMDALE,TINGALPA
GUMDALE,CHANDLER
GUMDALE,WAKERLEY
HAMILTON,ASCOT
HAMILTON,EAGLE FARM
HAMILTON,NEWSTEAD
HAMILTON,ALBION
HAMILTON,MORNINGSIDE
HAMILTON,MURARRIE
HAMILTON,BULIMBA
HAWTHORNE,BULIMBA
HAWTHORNE,NEW FARM
HAWTHORNE,NORMAN PARK
HAWTHORNE,BALMORAL
HAWTHORNE,MORNINGSIDE
HAWTHORNE,TENERIFFE
HEATHWOOD,FOREST LAKE
HEATHWOOD,LARAPINTA
HEATHWOOD,PALLARA
HEMMANT,LYTTON
HEMMANT,MURARRIE
HEMMANT,TINGALPA
HEMMANT,PINKENBA
HEMMANT,WYNNUM WEST
HENDRA,CLAYFIELD
HENDRA,ASCOT
HENDRA,EAGLE FARM
HENDRA,NUNDAH
HENDRA,BRISBANE AIRPORT
HERSTON,WILSTON
HERSTON,BOWEN HILLS
HERSTON,KELVIN GROVE
HERSTON,SPRING HILL
HERSTON,WINDSOR
HIGHGATE HILL,DUTTON PARK
HIGHGATE HILL,SOUTH BRISBANE
HIGHGATE HILL,ST LUCIA
HIGHGATE HILL,WEST END
HOLLAND PARK,CARINA HEIGHTS
HOLLAND PARK,GREENSLOPES
HOLLAND PARK,CAMP HILL
HOLLAND PARK,MOUNT GRAVATT
HOLLAND PARK,MOUNT GRAVATT EAST
HOLLAND PARK,COORPAROO
HOLLAND PARK,HOLLAND PARK WEST
HOLLAND PARK WEST,GREENSLOPES
HOLLAND PARK WEST,HOLLAND PARK
HOLLAND PARK WEST,MOUNT GRAVATT
HOLLAND PARK WEST,NATHAN
HOLLAND PARK WEST,TARRAGINDI
INALA,OXLEY
INALA,RICHLANDS
INALA,DOOLANDELLA
INALA,DURACK
INALA,FOREST LAKE
INALA,DARRA
INDOOROOPILLY,CHAPEL HILL
INDOOROOPILLY,CHELMER
INDOOROOPILLY,FIG TREE POCKET
INDOOROOPILLY,MOUNT COOT-THA
INDOOROOPILLY,YEERONGPILLY
INDOOROOPILLY,YERONGA
INDOOROOPILLY,TARINGA
INDOOROOPILLY,GRACEVILLE
INDOOROOPILLY,ST LUCIA
INDOOROOPILLY,TENNYSON
JAMBOREE HEIGHTS,MIDDLE PARK
JAMBOREE HEIGHTS,DARRA
JAMBOREE HEIGHTS,SUMNER
JAMBOREE HEIGHTS,MOUNT OMMANEY
JAMBOREE HEIGHTS,SINNAMON PARK
JINDALEE,MOUNT OMMANEY
JINDALEE,FIG TREE POCKET
JINDALEE,KENMORE
JINDALEE,PINJARRA HILLS
JINDALEE,SINNAMON PARK
KALINGA,NUNDAH
KALINGA,WAVELL HEIGHTS
KALINGA,KEDRON
KALINGA,CLAYFIELD
KALINGA,WOOLOOWIN
KANGAROO POINT,SOUTH BRISBANE
KANGAROO POINT,EAST BRISBANE
KANGAROO POINT,FORTITUDE VALLEY
KANGAROO POINT,BRISBANE CITY
KANGAROO POINT,NEW FARM
KANGAROO POINT,WOOLLOONGABBA
KARANA DOWNS,MOUNT CROSBY
KARAWATHA,STRETTON
KARAWATHA,DREWVALE
KARAWATHA,KURABY
KEDRON,CHERMSIDE WEST
KEDRON,LUTWYCHE
KEDRON,GORDON PARK
KEDRON,STAFFORD
KEDRON,STAFFORD HEIGHTS
KEDRON,CHERMSIDE
KEDRON,KALINGA
KEDRON,WAVELL HEIGHTS
KEDRON,WOOLOOWIN
KELVIN GROVE,BRISBANE CITY
KELVIN GROVE,RED HILL
KELVIN GROVE,NEWMARKET
KELVIN GROVE,SPRING HILL
KELVIN GROVE,HERSTON
KELVIN GROVE,PETRIE TERRACE
KELVIN GROVE,WILSTON
KENMORE,FIG TREE POCKET
KENMORE,JINDALEE
KENMORE,KENMORE HILLS
KENMORE,BROOKFIELD
KENMORE,PINJARRA HILLS
KENMORE,CHAPEL HILL
KENMORE HILLS,MOUNT COOT-THA
KENMORE HILLS,BROOKFIELD
KENMORE HILLS,CHAPEL HILL
KENMORE HILLS,KENMORE
KEPERRA,THE GAP
KEPERRA,MITCHELTON
KEPERRA,UPPER KEDRON
KEPERRA,ENOGGERA
KEPERRA,FERNY GROVE
KHOLO,ANSTEAD
KHOLO,CHUWAR
KHOLO,LAKE MANCHESTER
KHOLO,MOUNT CROSBY
KHOLO,PULLENVALE
KHOLO,UPPER BROOKFIELD
KOORINGAL,MORETON ISLAND
KURABY,EIGHT MILE PLAINS
KURABY,KARAWATHA
KURABY,STRETTON
KURABY,RUNCORN
LAKE MANCHESTER,BANKS CREEK
LAKE MANCHESTER,KHOLO
LAKE MANCHESTER,ENOGGERA RESERVOIR
LAKE MANCHESTER,UPPER BROOKFIELD
LARAPINTA,HEATHWOOD
LARAPINTA,ALGESTER
LARAPINTA,PALLARA
LARAPINTA,PARKINSON
LOTA,RANSOME
LOTA,MANLY
LOTA,MANLY WEST
LOTA,WAKERLEY
LUTWYCHE,ALBION
LUTWYCHE,GRANGE
LUTWYCHE,WOOLOOWIN
LUTWYCHE,KEDRON
LUTWYCHE,WINDSOR
LUTWYCHE,GORDON PARK
LYTTON,WYNNUM
LYTTON,HEMMANT
LYTTON,PORT OF BRISBANE
LYTTON,PINKENBA
LYTTON,WYNNUM WEST
MACGREGOR,EIGHT MILE PLAINS
MACGREGOR,ROBERTSON
MACGREGOR,NATHAN
MACGREGOR,SUNNYBANK
MACGREGOR,UPPER MOUNT GRAVATT
MACKENZIE,BELMONT
MACKENZIE,CARINDALE
MACKENZIE,ROCHEDALE
MACKENZIE,BURBANK
MACKENZIE,MANSFIELD
MANLY,LOTA
MANLY,MANLY WEST
MANLY,WYNNUM
MANLY WEST,WYNNUM WEST
MANLY WEST,LOTA
MANLY WEST,MANLY
MANLY WEST,TINGALPA
MANLY WEST,WAKERLEY
MANLY WEST,WYNNUM
MANSFIELD,MACKENZIE
MANSFIELD,MOUNT GRAVATT EAST
MANSFIELD,ROCHEDALE
MANSFIELD,CARINA HEIGHTS
MANSFIELD,UPPER MOUNT GRAVATT
MANSFIELD,WISHART
MANSFIELD,CARINDALE
MCDOWALL,ASPLEY
MCDOWALL,STAFFORD HEIGHTS
MCDOWALL,BRIDGEMAN DOWNS
MCDOWALL,CHERMSIDE WEST
MCDOWALL,EVERTON PARK
MIDDLE PARK,JAMBOREE HEIGHTS
MIDDLE PARK,RIVERHILLS
MIDDLE PARK,WESTLAKE
MIDDLE PARK,MOUNT OMMANEY
MIDDLE PARK,SUMNER
MILTON,AUCHENFLOWER
MILTON,WEST END
MILTON,BRISBANE CITY
MILTON,PADDINGTON
MILTON,PETRIE TERRACE
MILTON,SOUTH BRISBANE
MITCHELTON,ENOGGERA
MITCHELTON,GAYTHORNE
MITCHELTON,EVERTON PARK
MITCHELTON,KEPERRA
MOGGILL,ANSTEAD
MOGGILL,BELLBOWRIE
MOGGILL,WACOL
MOGGILL,RIVERHILLS
MOOROOKA,ANNERLEY
MOOROOKA,SALISBURY
MOOROOKA,TARRAGINDI
MOOROOKA,ROCKLEA
MOOROOKA,YEERONGPILLY
MORETON ISLAND,BULWER
MORETON ISLAND,COWAN COWAN
MORETON ISLAND,KOORINGAL
MORNINGSIDE,BALMORAL
MORNINGSIDE,EAGLE FARM
MORNINGSIDE,NORMAN PARK
MORNINGSIDE,CANNON HILL
MORNINGSIDE,HAMILTON
MORNINGSIDE,SEVEN HILLS
MORNINGSIDE,BULIMBA
MORNINGSIDE,HAWTHORNE
MORNINGSIDE,MURARRIE
MOUNT COOT-THA,BARDON
MOUNT COOT-THA,TARINGA
MOUNT COOT-THA,INDOOROOPILLY
MOUNT COOT-THA,KENMORE HILLS
MOUNT COOT-THA,BROOKFIELD
MOUNT COOT-THA,CHAPEL HILL
MOUNT COOT-THA,THE GAP
MOUNT COOT-THA,TOOWONG
MOUNT CROSBY,CHUWAR
MOUNT CROSBY,KHOLO
MOUNT CROSBY,ANSTEAD
MOUNT CROSBY,KARANA DOWNS
MOUNT GRAVATT,NATHAN
MOUNT GRAVATT,TARRAGINDI
MOUNT GRAVATT,HOLLAND PARK
MOUNT GRAVATT,HOLLAND PARK WEST
MOUNT GRAVATT,MOUNT GRAVATT EAST
MOUNT GRAVATT,UPPER MOUNT GRAVATT
MOUNT GRAVATT EAST,HOLLAND PARK
MOUNT GRAVATT EAST,MOUNT GRAVATT
MOUNT GRAVATT EAST,CARINA HEIGHTS
MOUNT GRAVATT EAST,CARINDALE
MOUNT GRAVATT EAST,MANSFIELD
MOUNT GRAVATT EAST,UPPER MOUNT GRAVATT
MOUNT OMMANEY,JAMBOREE HEIGHTS
MOUNT OMMANEY,PINJARRA HILLS
MOUNT OMMANEY,SINNAMON PARK
MOUNT OMMANEY,JINDALEE
MOUNT OMMANEY,MIDDLE PARK
MOUNT OMMANEY,WESTLAKE
MURARRIE,EAGLE FARM
MURARRIE,HAMILTON
MURARRIE,HEMMANT
MURARRIE,PINKENBA
MURARRIE,CANNON HILL
MURARRIE,MORNINGSIDE
MURARRIE,TINGALPA
NATHAN,MOUNT GRAVATT
NATHAN,TARRAGINDI
NATHAN,ROBERTSON
NATHAN,COOPERS PLAINS
NATHAN,HOLLAND PARK WEST
NATHAN,MACGREGOR
NATHAN,SALISBURY
NATHAN,UPPER MOUNT GRAVATT
NEW FARM,HAWTHORNE
NEW FARM,TENERIFFE
NEW FARM,FORTITUDE VALLEY
NEW FARM,KANGAROO POINT
NEW FARM,NORMAN PARK
NEW FARM,EAST BRISBANE
NEWMARKET,ASHGROVE
NEWMARKET,ALDERLEY
NEWMARKET,KELVIN GROVE
NEWMARKET,WILSTON
NEWMARKET,GRANGE
NEWMARKET,RED HILL
NEWSTEAD,ALBION
NEWSTEAD,BOWEN HILLS
NEWSTEAD,BULIMBA
NEWSTEAD,FORTITUDE VALLEY
NEWSTEAD,HAMILTON
NEWSTEAD,TENERIFFE
NORMAN PARK,CAMP HILL
NORMAN PARK,COORPAROO
NORMAN PARK,MORNINGSIDE
NORMAN PARK,SEVEN HILLS
NORMAN PARK,EAST BRISBANE
NORMAN PARK,HAWTHORNE
NORMAN PARK,NEW FARM
NORTHGATE,BRISBANE AIRPORT
NORTHGATE,NUNDAH
NORTHGATE,BANYO
NORTHGATE,VIRGINIA
NUDGEE,BRISBANE AIRPORT
NUDGEE,BANYO
NUDGEE,BOONDALL
NUDGEE,NUDGEE BEACH
NUDGEE BEACH,NUDGEE
NUDGEE BEACH,SHORNCLIFFE
NUDGEE BEACH,BOONDALL
NUDGEE BEACH,BRISBANE AIRPORT
NUNDAH,BRISBANE AIRPORT
NUNDAH,HENDRA
NUNDAH,NORTHGATE
NUNDAH,CLAYFIELD
NUNDAH,KALINGA
NUNDAH,VIRGINIA
NUNDAH,WAVELL HEIGHTS
OXLEY,CORINDA
OXLEY,DURACK
OXLEY,RICHLANDS
OXLEY,ROCKLEA
OXLEY,FIG TREE POCKET
OXLEY,INALA
OXLEY,DARRA
OXLEY,SEVENTEEN MILE ROCKS
OXLEY,WILLAWONG
PADDINGTON,BARDON
PADDINGTON,RED HILL
PADDINGTON,AUCHENFLOWER
PADDINGTON,MILTON
PADDINGTON,PETRIE TERRACE
PALLARA,PARKINSON
PALLARA,WILLAWONG
PALLARA,ALGESTER
PALLARA,DOOLANDELLA
PALLARA,HEATHWOOD
PALLARA,FOREST LAKE
PALLARA,LARAPINTA
PARKINSON,CALAMVALE
PARKINSON,DREWVALE
PARKINSON,ALGESTER
PARKINSON,LARAPINTA
PARKINSON,PALLARA
PETRIE TERRACE,BRISBANE CITY
PETRIE TERRACE,MILTON
PETRIE TERRACE,PADDINGTON
PETRIE TERRACE,RED HILL
PETRIE TERRACE,SPRING HILL
PETRIE TERRACE,KELVIN GROVE
PINJARRA HILLS,BROOKFIELD
PINJARRA HILLS,KENMORE
PINJARRA HILLS,PULLENVALE
PINJARRA HILLS,WESTLAKE
PINJARRA HILLS,BELLBOWRIE
PINJARRA HILLS,MOUNT OMMANEY
PINJARRA HILLS,ANSTEAD
PINJARRA HILLS,JINDALEE
PINKENBA,BRISBANE AIRPORT
PINKENBA,HEMMANT
PINKENBA,MURARRIE
PINKENBA,PORT OF BRISBANE
PINKENBA,LYTTON
PINKENBA,EAGLE FARM
PORT OF BRISBANE,PINKENBA
PORT OF BRISBANE,LYTTON
PORT OF BRISBANE,WYNNUM
PULLENVALE,BROOKFIELD
PULLENVALE,ANSTEAD
PULLENVALE,KHOLO
PULLENVALE,UPPER BROOKFIELD
PULLENVALE,PINJARRA HILLS
RANSOME,CHANDLER
RANSOME,GUMDALE
RANSOME,LOTA
RANSOME,WAKERLEY
RED HILL,ASHGROVE
RED HILL,PETRIE TERRACE
RED HILL,BARDON
RED HILL,KELVIN GROVE
RED HILL,NEWMARKET
RED HILL,PADDINGTON
RICHLANDS,DARRA
RICHLANDS,FOREST LAKE
RICHLANDS,OXLEY
RICHLANDS,WACOL
RICHLANDS,INALA
RIVERHILLS,WESTLAKE
RIVERHILLS,BELLBOWRIE
RIVERHILLS,MIDDLE PARK
RIVERHILLS,MOGGILL
RIVERHILLS,SUMNER
RIVERHILLS,WACOL
ROBERTSON,COOPERS PLAINS
ROBERTSON,MACGREGOR
ROBERTSON,SUNNYBANK
ROBERTSON,NATHAN
ROCHEDALE,EIGHT MILE PLAINS
ROCHEDALE,MACKENZIE
ROCHEDALE,BURBANK
ROCHEDALE,MANSFIELD
ROCHEDALE,WISHART
ROCKLEA,OXLEY
ROCKLEA,SALISBURY
ROCKLEA,YEERONGPILLY
ROCKLEA,ARCHERFIELD
ROCKLEA,COOPERS PLAINS
ROCKLEA,MOOROOKA
ROCKLEA,CORINDA
ROCKLEA,SHERWOOD
ROCKLEA,TENNYSON
ROCKLEA,WILLAWONG
RUNCORN,SUNNYBANK
RUNCORN,KURABY
RUNCORN,STRETTON
RUNCORN,SUNNYBANK HILLS
RUNCORN,CALAMVALE
RUNCORN,EIGHT MILE PLAINS
SALISBURY,NATHAN
SALISBURY,ROCKLEA
SALISBURY,TARRAGINDI
SALISBURY,MOOROOKA
SALISBURY,COOPERS PLAINS
SANDGATE,BOONDALL
SANDGATE,BRACKEN RIDGE
SANDGATE,BRIGHTON
SANDGATE,DEAGON
SANDGATE,SHORNCLIFFE
SEVEN HILLS,CARINA
SEVEN HILLS,NORMAN PARK
SEVEN HILLS,CANNON HILL
SEVEN HILLS,CAMP HILL
SEVEN HILLS,MORNINGSIDE
SEVENTEEN MILE ROCKS,FIG TREE POCKET
SEVENTEEN MILE ROCKS,DARRA
SEVENTEEN MILE ROCKS,OXLEY
SEVENTEEN MILE ROCKS,SINNAMON PARK
SHERWOOD,CORINDA
SHERWOOD,GRACEVILLE
SHERWOOD,TENNYSON
SHERWOOD,FIG TREE POCKET
SHERWOOD,ROCKLEA
SHORNCLIFFE,SANDGATE
SHORNCLIFFE,NUDGEE BEACH
SHORNCLIFFE,BOONDALL
SINNAMON PARK,JAMBOREE HEIGHTS
SINNAMON PARK,MOUNT OMMANEY
SINNAMON PARK,SUMNER
SINNAMON PARK,DARRA
SINNAMON PARK,FIG TREE POCKET
SINNAMON PARK,JINDALEE
SINNAMON PARK,SEVENTEEN MILE ROCKS
SOUTH BRISBANE,DUTTON PARK
SOUTH BRISBANE,WEST END
SOUTH BRISBANE,HIGHGATE HILL
SOUTH BRISBANE,MILTON
SOUTH BRISBANE,WOOLLOONGABBA
SOUTH BRISBANE,BRISBANE CITY
SOUTH BRISBANE,KANGAROO POINT
SPRING HILL,BOWEN HILLS
SPRING HILL,FORTITUDE VALLEY
SPRING HILL,KELVIN GROVE
SPRING HILL,PETRIE TERRACE
SPRING HILL,BRISBANE CITY
SPRING HILL,HERSTON
ST LUCIA,HIGHGATE HILL
ST LUCIA,WEST END
ST LUCIA,YERONGA
ST LUCIA,DUTTON PARK
ST LUCIA,INDOOROOPILLY
ST LUCIA,TOOWONG
ST LUCIA,FAIRFIELD
ST LUCIA,TARINGA
STAFFORD,ALDERLEY
STAFFORD,EVERTON PARK
STAFFORD,KEDRON
STAFFORD,STAFFORD HEIGHTS
STAFFORD,ENOGGERA
STAFFORD,GORDON PARK
STAFFORD,GRANGE
STAFFORD HEIGHTS,KEDRON
STAFFORD HEIGHTS,CHERMSIDE WEST
STAFFORD HEIGHTS,EVERTON PARK
STAFFORD HEIGHTS,MCDOWALL
STAFFORD HEIGHTS,STAFFORD
STONES CORNER,GREENSLOPES
STONES CORNER,COORPAROO
STONES CORNER,WOOLLOONGABBA
STRETTON,RUNCORN
STRETTON,CALAMVALE
STRETTON,DREWVALE
STRETTON,KURABY
STRETTON,KARAWATHA
STRETTON,SUNNYBANK HILLS
SUMNER,MIDDLE PARK
SUMNER,JAMBOREE HEIGHTS
SUMNER,RIVERHILLS
SUMNER,WACOL
SUMNER,DARRA
SUMNER,SINNAMON PARK
SUNNYBANK,ACACIA RIDGE
SUNNYBANK,COOPERS PLAINS
SUNNYBANK,EIGHT MILE PLAINS
SUNNYBANK,ROBERTSON
SUNNYBANK,SUNNYBANK HILLS
SUNNYBANK,MACGREGOR
SUNNYBANK,RUNCORN
SUNNYBANK HILLS,ACACIA RIDGE
SUNNYBANK HILLS,SUNNYBANK
SUNNYBANK HILLS,ALGESTER
SUNNYBANK HILLS,CALAMVALE
SUNNYBANK HILLS,RUNCORN
SUNNYBANK HILLS,STRETTON
TAIGUM,FITZGIBBON
TAIGUM,ZILLMERE
TAIGUM,DEAGON
TAIGUM,BOONDALL
TARINGA,INDOOROOPILLY
TARINGA,ST LUCIA
TARINGA,MOUNT COOT-THA
TARINGA,TOOWONG
TARRAGINDI,ANNERLEY
TARRAGINDI,GREENSLOPES
TARRAGINDI,MOOROOKA
TARRAGINDI,NATHAN
TARRAGINDI,HOLLAND PARK WEST
TARRAGINDI,MOUNT GRAVATT
TARRAGINDI,SALISBURY
TENERIFFE,NEW FARM
TENERIFFE,NEWSTEAD
TENERIFFE,BULIMBA
TENERIFFE,FORTITUDE VALLEY
TENERIFFE,HAWTHORNE
TENNYSON,GRACEVILLE
TENNYSON,ROCKLEA
TENNYSON,SHERWOOD
TENNYSON,INDOOROOPILLY
TENNYSON,YEERONGPILLY
THE GAP,ASHGROVE
THE GAP,ENOGGERA
THE GAP,ENOGGERA RESERVOIR
THE GAP,KEPERRA
THE GAP,UPPER KEDRON
THE GAP,MOUNT COOT-THA
THE GAP,BARDON
THE GAP,BROOKFIELD
TINGALPA,WYNNUM WEST
TINGALPA,BELMONT
TINGALPA,CANNON HILL
TINGALPA,CARINDALE
TINGALPA,GUMDALE
TINGALPA,HEMMANT
TINGALPA,WAKERLEY
TINGALPA,CARINA
TINGALPA,MANLY WEST
TINGALPA,MURARRIE
TOOWONG,AUCHENFLOWER
TOOWONG,ST LUCIA
TOOWONG,TARINGA
TOOWONG,BARDON
TOOWONG,WEST END
TOOWONG,MOUNT COOT-THA
UPPER BROOKFIELD,BROOKFIELD
UPPER BROOKFIELD,ENOGGERA RESERVOIR
UPPER BROOKFIELD,KHOLO
UPPER BROOKFIELD,LAKE MANCHESTER
UPPER BROOKFIELD,PULLENVALE
UPPER KEDRON,ENOGGERA RESERVOIR
UPPER KEDRON,FERNY GROVE
UPPER KEDRON,KEPERRA
UPPER KEDRON,THE GAP
UPPER MOUNT GRAVATT,EIGHT MILE PLAINS
UPPER MOUNT GRAVATT,MACGREGOR
UPPER MOUNT GRAVATT,MOUNT GRAVATT EAST
UPPER MOUNT GRAVATT,NATHAN
UPPER MOUNT GRAVATT,WISHART
UPPER MOUNT GRAVATT,MANSFIELD
UPPER MOUNT GRAVATT,MOUNT GRAVATT
VIRGINIA,GEEBUNG
VIRGINIA,WAVELL HEIGHTS
VIRGINIA,BANYO
VIRGINIA,BOONDALL
VIRGINIA,NORTHGATE
VIRGINIA,NUNDAH
WACOL,FOREST LAKE
WACOL,RIVERHILLS
WACOL,SUMNER
WACOL,DARRA
WACOL,ELLEN GROVE
WACOL,MOGGILL
WACOL,RICHLANDS
WAKERLEY,LOTA
WAKERLEY,MANLY WEST
WAKERLEY,RANSOME
WAKERLEY,GUMDALE
WAKERLEY,TINGALPA
WAVELL HEIGHTS,CHERMSIDE
WAVELL HEIGHTS,GEEBUNG
WAVELL HEIGHTS,KALINGA
WAVELL HEIGHTS,KEDRON
WAVELL HEIGHTS,NUNDAH
WAVELL HEIGHTS,VIRGINIA
WEST END,MILTON
WEST END,SOUTH BRISBANE
WEST END,AUCHENFLOWER
WEST END,HIGHGATE HILL
WEST END,ST LUCIA
WEST END,TOOWONG
WESTLAKE,BELLBOWRIE
WESTLAKE,RIVERHILLS
WESTLAKE,MOUNT OMMANEY
WESTLAKE,MIDDLE PARK
WESTLAKE,PINJARRA HILLS
WILLAWONG,ALGESTER
WILLAWONG,DURACK
WILLAWONG,PALLARA
WILLAWONG,ROCKLEA
WILLAWONG,ACACIA RIDGE
WILLAWONG,OXLEY
WILLAWONG,ARCHERFIELD
WILLAWONG,DOOLANDELLA
WILSTON,NEWMARKET
WILSTON,GRANGE
WILSTON,HERSTON
WILSTON,KELVIN GROVE
WILSTON,WINDSOR
WINDSOR,BOWEN HILLS
WINDSOR,GRANGE
WINDSOR,WILSTON
WINDSOR,ALBION
WINDSOR,HERSTON
WINDSOR,LUTWYCHE
WISHART,EIGHT MILE PLAINS
WISHART,MANSFIELD
WISHART,ROCHEDALE
WISHART,UPPER MOUNT GRAVATT
WOOLLOONGABBA,EAST BRISBANE
WOOLLOONGABBA,STONES CORNER
WOOLLOONGABBA,DUTTON PARK
WOOLLOONGABBA,FAIRFIELD
WOOLLOONGABBA,GREENSLOPES
WOOLLOONGABBA,KANGAROO POINT
WOOLLOONGABBA,SOUTH BRISBANE
WOOLLOONGABBA,ANNERLEY
WOOLLOONGABBA,COORPAROO
WOOLOOWIN,CLAYFIELD
WOOLOOWIN,KEDRON
WOOLOOWIN,LUTWYCHE
WOOLOOWIN,ALBION
WOOLOOWIN,KALINGA
WYNNUM,MANLY
WYNNUM,MANLY WEST
WYNNUM,PORT OF BRISBANE
WYNNUM,LYTTON
WYNNUM,WYNNUM WEST
WYNNUM WEST,MANLY WEST
WYNNUM WEST,WYNNUM
WYNNUM WEST,HEMMANT
WYNNUM WEST,LYTTON
WYNNUM WEST,TINGALPA
YEERONGPILLY,INDOOROOPILLY
YEERONGPILLY,ROCKLEA
YEERONGPILLY,TENNYSON
YEERONGPILLY,YERONGA
YEERONGPILLY,ANNERLEY
YEERONGPILLY,MOOROOKA
YERONGA,YEERONGPILLY
YERONGA,ANNERLEY
YERONGA,FAIRFIELD
YERONGA,INDOOROOPILLY
YERONGA,ST LUCIA
ZILLMERE,ASPLEY
ZILLMERE,BOONDALL
ZILLMERE,FITZGIBBON
ZILLMERE,TAIGUM
ZILLMERE,CARSELDINE
ZILLMERE,GEEBUNG
